Connecting to socket /var/run/mysqld/mysqld.sock, owned by user mysql

# 2022-11-08 17:21:47.332825
use labs;
You are now connected to database "labs" as user "steep"
Time: 0.001s

# 2022-11-08 17:33:13.894594
select `People`.`Full_name` as 'vip', `HotelOrder`.`Price` as 'vip price'
from `People` inner join
(`HotelOrder` inner join ( select `Room`.room_id from `Room` where `Class` = 'vip' ) 
on `HotelOrder`.room_id = `Room`.room_id )
on `People`.person_id = `HotelOrder`.person_id;
(1248, 'Every derived table must have its own alias')

# 2022-11-08 17:33:41.033414
select `People`.`Full_name` as 'vip', `HotelOrder`.`Price` as 'vip price'
from `People` inner join
(`HotelOrder` inner join ( select `Room`.room_id as 'room_id' from `Room` where `Class` = 'vip' ) 
on `HotelOrder`.room_id = `Room`.room_id )
on `People`.person_id = `HotelOrder`.person_id;
(1248, 'Every derived table must have its own alias')

# 2022-11-08 17:35:32.447490
select `People`.`Full_name` as 'vip', `HotelOrder`.`Price` as 'vip price'
from `People` inner join
(`HotelOrder` inner join ( select `Room`.room_id from `Room` where `Class` = 'vip' as `Room` ) 
on `HotelOrder`.room_id = `Room`.room_id )
on `People`.person_id = `HotelOrder`.person_id;
(1064, "You have an error in your SQL syntax; check the manual that corresponds to your MySQL server version for the right syntax to use near 'as `Room` ) \non `HotelOrder`.room_id = `Room`.room_id )\non `People`.person_id = ' at line 3")

# 2022-11-08 17:36:42.227344
select `People`.`Full_name` as 'vip', `HotelOrder`.`Price` as 'vip price'
from `People` inner join
(`HotelOrder` inner join ( select `Room`.room_id from `Room` where `Class` = 'vip' as `_Room` ) 
on `HotelOrder`.room_id = `_Room`.room_id )
on `People`.person_id = `HotelOrder`.person_id;
(1064, "You have an error in your SQL syntax; check the manual that corresponds to your MySQL server version for the right syntax to use near 'as `_Room` ) \non `HotelOrder`.room_id = `_Room`.room_id )\non `People`.person_id ' at line 3")

# 2022-11-08 17:39:07.816197
select `People`.`Full_name` as 'vip', `HotelOrder`.`Price` as 'vip price'
from (`People` inner join
(`HotelOrder` inner join ( select `Room`.room_id from `Room` where `Class` = 'vip' as _Room ) 
on `HotelOrder`.room_id = `_Room`.room_id )
on `People`.person_id = `HotelOrder`.person_id);
(1064, "You have an error in your SQL syntax; check the manual that corresponds to your MySQL server version for the right syntax to use near 'as _Room ) \non `HotelOrder`.room_id = `_Room`.room_id )\non `People`.person_id = ' at line 3")

# 2022-11-08 17:39:31.517241
select `People`.`Full_name` as 'vip', `HotelOrder`.`Price` as 'vip price'
from (`People` inner join
(`HotelOrder` inner join ( select `Room`.room_id from `Room` where `Class` = 'vip' as Room1 ) 
on `HotelOrder`.room_id = `_Room`.room_id )
on `People`.person_id = `HotelOrder`.person_id);
(1064, "You have an error in your SQL syntax; check the manual that corresponds to your MySQL server version for the right syntax to use near 'as Room1 ) \non `HotelOrder`.room_id = `_Room`.room_id )\non `People`.person_id = ' at line 3")

# 2022-11-08 17:40:11.103345
select `People`.`Full_name` as 'vip', `HotelOrder`.`Price` as 'vip price'
from (`People` inner join `HotelOrder`
on `People`.person_id = `HotelOrder`.person_id);
+-------------------+-----------+
| vip               | vip price |
+-------------------+-----------+
| Джолин Агацума    | 208037    |
| Роуз Геноза       | 467315    |
| Джонатан Макинами | 348189    |
| Дива Почитта      | 66062     |
| Фэй Джостар       | 198893    |
| Роуз Ленгли       | 288016    |
| Даниил Куджо      | 186019    |
| Жоржи Мухаммед    | 14165     |
| Мива Макинами     | 4371      |
| Джонатан Ленгли   | 356811    |
| Дива Агацума      | 451559    |
| Жоржи Мухаммед    | 451308    |
| Даниил Куджо      | 278408    |
| Джонатан Ленгли   | 456358    |
| Даниил Куджо      | 479318    |
| Кира Мухаммед     | 467683    |
| Жоржи Мухаммед    | 212341    |
| Фэй Джостар       | 364377    |
| Дива Агацума      | 73321     |
| Роуз Ленгли       | 13165     |
+-------------------+-----------+
20 rows in set
Time: 0.024s

# 2022-11-08 17:41:41.283197
select `People`.`Full_name` as 'vip price'
from ( select * from `People` where `Age` > 18  );
(1248, 'Every derived table must have its own alias')

# 2022-11-08 17:41:50.880007
select `People`.`Full_name` as 'vip price'
from ( select * from `People` where `Age` > 18 as abc );
(1064, "You have an error in your SQL syntax; check the manual that corresponds to your MySQL server version for the right syntax to use near 'as abc )' at line 2")

# 2022-11-08 17:43:08.922289
select `People`.`Full_name` as 'vip price'
from ( select * from `People` where `Age` > 18 ) as abc;
(1054, "Unknown column 'People.Full_name' in 'field list'")

# 2022-11-08 17:43:18.993528
select `People`.`Full_name` as 'vip price'
from ( select * from `People` where `Age` > 18 ) as People;
+-------------------+
| vip price         |
+-------------------+
| Мива Макинами     |
| Кира Мухаммед     |
| Синдзи Почитта    |
| Джолин Лайт       |
| Жоржи Мухаммед    |
| Даниил Куджо      |
| Фэй Джостар       |
| Роуз Геноза       |
| Илья Лайт         |
| Константин Амане  |
| Дива Агацума      |
| Джонатан Макинами |
| Джолин Агацума    |
| Дива Почитта      |
| Илья Амане        |
| Джонатан Ленгли   |
+-------------------+
16 rows in set
Time: 0.027s

# 2022-11-08 17:43:58.816338
select `People`.`Full_name` as 'vip', `HotelOrder`.`Price` as 'vip price'
from (`People` inner join
(`HotelOrder` inner join ( select `Room`.room_id from `Room` where `Class` = 'vip' ) as Room 
on `HotelOrder`.room_id = `_Room`.room_id )
on `People`.person_id = `HotelOrder`.person_id);
(1054, "Unknown column '_Room.room_id' in 'on clause'")

# 2022-11-08 17:44:06.927839
select `People`.`Full_name` as 'vip', `HotelOrder`.`Price` as 'vip price'
from (`People` inner join
(`HotelOrder` inner join ( select `Room`.room_id from `Room` where `Class` = 'vip' ) as Room 
on `HotelOrder`.room_id = `Room`.room_id )
on `People`.person_id = `HotelOrder`.person_id);
+--------------+-----------+
| vip          | vip price |
+--------------+-----------+
| Даниил Куджо | 479318    |
+--------------+-----------+
1 row in set
Time: 0.019s

# 2022-11-08 17:48:29.349903
select `People`.`Full_name` as 'person', `HotelOrder`.`order_id` as 'order_id'
from `People` left join `HotelOrder` on `People`.person_id = `HotelOrder`.person_id;
+-------------------+----------+
| person            | order_id |
+-------------------+----------+
| Мива Макинами     | 9        |
| Кира Мухаммед     | 16       |
| Синдзи Почитта    | <null>   |
| Джолин Лайт       | <null>   |
| Джорно Йошикаге   | <null>   |
| Жоржи Мухаммед    | 8        |
| Жоржи Мухаммед    | 12       |
| Жоржи Мухаммед    | 17       |
| Даниил Куджо      | 7        |
| Даниил Куджо      | 13       |
| Даниил Куджо      | 15       |
| Фэй Джостар       | 5        |
| Фэй Джостар       | 18       |
| Роуз Геноза       | 2        |
| Джозеф Джостар    | <null>   |
| Илья Лайт         | <null>   |
| Константин Амане  | <null>   |
| Дива Агацума      | 11       |
| Дива Агацума      | 19       |
| Джонатан Макинами | 3        |
| Джонатан Почитта  | <null>   |
| Роуз Ленгли       | 6        |
| Роуз Ленгли       | 20       |
| Джолин Агацума    | 1        |
| Дива Почитта      | 4        |
| Илья Амане        | <null>   |
| Джонатан Ленгли   | 10       |
| Джонатан Ленгли   | 14       |
+-------------------+----------+
28 rows in set
Time: 0.023s

# 2022-11-08 17:49:52.163105
select `People`.`Full_name` as 'person', `People`.`passport`, `HotelOrder`.`order_id` as 'order_id'
from `People` left join `HotelOrder` on `People`.person_id = `HotelOrder`.person_id;
+-------------------+------------+----------+
| person            | passport   | order_id |
+-------------------+------------+----------+
| Мива Макинами     | 7818478233 | 9        |
| Кира Мухаммед     | 2702162558 | 16       |
| Синдзи Почитта    | 1713007159 | <null>   |
| Джолин Лайт       | 5955587707 | <null>   |
| Джорно Йошикаге   | 3604628488 | <null>   |
| Жоржи Мухаммед    | 7434294503 | 8        |
| Жоржи Мухаммед    | 7434294503 | 12       |
| Жоржи Мухаммед    | 7434294503 | 17       |
| Даниил Куджо      | 1217562659 | 7        |
| Даниил Куджо      | 1217562659 | 13       |
| Даниил Куджо      | 1217562659 | 15       |
| Фэй Джостар       | 8359314123 | 5        |
| Фэй Джостар       | 8359314123 | 18       |
| Роуз Геноза       | 3218876729 | 2        |
| Джозеф Джостар    | 5720607731 | <null>   |
| Илья Лайт         | 9773355810 | <null>   |
| Константин Амане  | 2616906135 | <null>   |
| Дива Агацума      | 8467356710 | 11       |
| Дива Агацума      | 8467356710 | 19       |
| Джонатан Макинами | 1640823282 | 3        |
| Джонатан Почитта  | 2403008459 | <null>   |
| Роуз Ленгли       | 7478332364 | 6        |
| Роуз Ленгли       | 7478332364 | 20       |
| Джолин Агацума    | 4593159892 | 1        |
| Дива Почитта      | 1529276322 | 4        |
| Илья Амане        | 4097248329 | <null>   |
| Джонатан Ленгли   | 7076427086 | 10       |
| Джонатан Ленгли   | 7076427086 | 14       |
+-------------------+------------+----------+
28 rows in set
Time: 0.022s

# 2022-11-08 17:51:31.667122
select * from (select `People`.`Full_name` as 'person', `People`.`passport`, `HotelOrder`.`order_id` as 'order_id'
from `People` left join `HotelOrder` on `People`.person_id = `HotelOrder`.person_id) as `consumers` where `order_id` <=> null;
+------------------+------------+----------+
| person           | passport   | order_id |
+------------------+------------+----------+
| Синдзи Почитта   | 1713007159 | <null>   |
| Джолин Лайт      | 5955587707 | <null>   |
| Джорно Йошикаге  | 3604628488 | <null>   |
| Джозеф Джостар   | 5720607731 | <null>   |
| Илья Лайт        | 9773355810 | <null>   |
| Константин Амане | 2616906135 | <null>   |
| Джонатан Почитта | 2403008459 | <null>   |
| Илья Амане       | 4097248329 | <null>   |
+------------------+------------+----------+
8 rows in set
Time: 0.013s

# 2022-11-08 17:59:09.440700
select column from `Room`
;
(1064, "You have an error in your SQL syntax; check the manual that corresponds to your MySQL server version for the right syntax to use near 'column from `Room`' at line 1")

# 2022-11-08 17:59:12.450705
select column from `Room`;
(1064, "You have an error in your SQL syntax; check the manual that corresponds to your MySQL server version for the right syntax to use near 'column from `Room`' at line 1")

# 2022-11-08 17:59:20.282899
select `column` from `Room`;
(1054, "Unknown column 'column' in 'field list'")

# 2022-11-08 17:59:31.766840
show column from `Room`;
(1064, "You have an error in your SQL syntax; check the manual that corresponds to your MySQL server version for the right syntax to use near 'column from `Room`' at line 1")

# 2022-11-08 17:59:35.565117
show column`Room`;
(1064, "You have an error in your SQL syntax; check the manual that corresponds to your MySQL server version for the right syntax to use near 'column`Room`' at line 1")

# 2022-11-08 18:00:12.652101
show columns from `People`;
+-----------+-----------------------------------------------------------------------------------+------+-----+---------+----------------+
| Field     | Type                                                                              | Null | Key | Default | Extra          |
+-----------+-----------------------------------------------------------------------------------+------+-----+---------+----------------+
| Full_name | char(128)                                                                         | NO   |     | <null>  |                |
| Age       | tinyint unsigned                                                                  | NO   |     | <null>  |                |
| Passport  | char(10)                                                                          | NO   |     | <null>  |                |
| Sex       | enum('Not known','Male','Female','Not applicable','helicopter','deer','kostyaan') | NO   |     | <null>  |                |
| person_id | int unsigned                                                                      | NO   | PRI | <null>  | auto_increment |
+-----------+-----------------------------------------------------------------------------------+------+-----+---------+----------------+
5 rows in set
Time: 0.014s

# 2022-11-08 18:00:23.946076
show columns from  `Room`;
+----------+-----------------------------------+------+-----+----------------------+-------------------+
| Field    | Type                              | Null | Key | Default              | Extra             |
+----------+-----------------------------------+------+-----+----------------------+-------------------+
| Floor    | tinyint unsigned                  | NO   |     | 1                    | DEFAULT_GENERATED |
| Number   | tinyint unsigned                  | NO   |     | 1                    | DEFAULT_GENERATED |
| Class    | enum('vip','standart','half vip') | NO   |     | _utf8mb3\'standart\' | DEFAULT_GENERATED |
| Capacity | tinyint unsigned                  | NO   |     | 1                    | DEFAULT_GENERATED |
| room_id  | int unsigned                      | NO   | PRI | <null>               | auto_increment    |
+----------+-----------------------------------+------+-----+----------------------+-------------------+
5 rows in set
Time: 0.015s

# 2022-11-08 18:03:26.196926
select `Room`.`Floor`, `Room`.`Number`, `HotelOrder`.`Price` from `Room` right join `HotelOrder` on `Room`.room_id = `HotelOrder`.room_id;
+-------+--------+--------+
| Floor | Number | Price  |
+-------+--------+--------+
| 6     | 1      | 208037 |
| 1     | 1      | 467315 |
| 3     | 2      | 348189 |
| 5     | 1      | 66062  |
| 1     | 3      | 198893 |
| 3     | 3      | 288016 |
| 4     | 2      | 186019 |
| 1     | 4      | 14165  |
| 2     | 3      | 4371   |
| 1     | 3      | 356811 |
| 4     | 1      | 451559 |
| 5     | 1      | 451308 |
| 2     | 5      | 278408 |
| 4     | 3      | 456358 |
| 3     | 1      | 479318 |
| 2     | 4      | 467683 |
| 4     | 4      | 212341 |
| 1     | 4      | 364377 |
| 6     | 1      | 73321  |
| 5     | 1      | 13165  |
+-------+--------+--------+
20 rows in set
Time: 0.014s

# 2022-11-08 18:04:30.356607
select `Room`.`Floor`, `Room`.`Number`, `HotelOrder`.`Price` from `Room` right join `HotelOrder` on `Room`.room_id = `HotelOrder`.room_id order by `Floor`, `Number`;
+-------+--------+--------+
| Floor | Number | Price  |
+-------+--------+--------+
| 1     | 1      | 467315 |
| 1     | 3      | 198893 |
| 1     | 3      | 356811 |
| 1     | 4      | 364377 |
| 1     | 4      | 14165  |
| 2     | 3      | 4371   |
| 2     | 4      | 467683 |
| 2     | 5      | 278408 |
| 3     | 1      | 479318 |
| 3     | 2      | 348189 |
| 3     | 3      | 288016 |
| 4     | 1      | 451559 |
| 4     | 2      | 186019 |
| 4     | 3      | 456358 |
| 4     | 4      | 212341 |
| 5     | 1      | 451308 |
| 5     | 1      | 66062  |
| 5     | 1      | 13165  |
| 6     | 1      | 208037 |
| 6     | 1      | 73321  |
+-------+--------+--------+
20 rows in set
Time: 0.016s

# 2022-11-08 18:04:49.977408
select `Room`.`Floor`, `Room`.`Number`, `HotelOrder`.`Price` from `Room` left join `HotelOrder` on `Room`.room_id = `HotelOrder`.room_id order by `Floor`, `Number`;
+-------+--------+--------+
| Floor | Number | Price  |
+-------+--------+--------+
| 1     | 1      | 467315 |
| 1     | 2      | <null> |
| 1     | 3      | 198893 |
| 1     | 3      | 356811 |
| 1     | 4      | 14165  |
| 1     | 4      | 364377 |
| 2     | 1      | <null> |
| 2     | 2      | <null> |
| 2     | 3      | 4371   |
| 2     | 4      | 467683 |
| 2     | 5      | 278408 |
| 3     | 1      | 479318 |
| 3     | 2      | 348189 |
| 3     | 3      | 288016 |
| 3     | 4      | <null> |
| 3     | 5      | <null> |
| 4     | 1      | 451559 |
| 4     | 2      | 186019 |
| 4     | 3      | 456358 |
| 4     | 4      | 212341 |
| 5     | 1      | 66062  |
| 5     | 1      | 451308 |
| 5     | 1      | 13165  |
| 6     | 1      | 208037 |
| 6     | 1      | 73321  |
+-------+--------+--------+
25 rows in set
Time: 0.013s

# 2022-11-08 18:09:48.043925
select `Floor`, `Number`, `Full_name` from `Room` full join (`HotelOrder` full join `People`);
(1066, "Not unique table/alias: 'full'")

# 2022-11-08 18:10:08.990505
select `Floor`, `Number`, `Full_name` from `Room` full join (`HotelOrder` full join `People`) as order_people;
(1064, "You have an error in your SQL syntax; check the manual that corresponds to your MySQL server version for the right syntax to use near 'as order_people' at line 1")

# 2022-11-08 18:10:27.157440
select `Floor`, `Number`, `Full_name` from (`Room` full join (`HotelOrder` full join `People`) ) as order_people;
(1064, "You have an error in your SQL syntax; check the manual that corresponds to your MySQL server version for the right syntax to use near 'as order_people' at line 1")

# 2022-11-08 18:10:38.541458
select `Floor`, `Number`, `Full_name` from (`Room` full join (`HotelOrder` full join `People`) );
(1066, "Not unique table/alias: 'full'")

# 2022-11-08 18:11:08.246907
select `Floor`, `Number`, `Full_name` from (`Room` full join (`HotelOrder` full outer join `People`) );
(1064, "You have an error in your SQL syntax; check the manual that corresponds to your MySQL server version for the right syntax to use near 'outer join `People`) )' at line 1")

# 2022-11-08 18:13:09.328918
select `Floor`, `Number`, `Full_name` from
(`Room` full join 
(`HotelOrder` full join `People` on `HotelOrder`.`person_id` = `People`.`person_id` ) on
`HotelOrder`.`room_id` = `Room`.`room_id` );
(1066, "Not unique table/alias: 'full'")

# 2022-11-08 18:13:32.330822
select `Floor`, `Number`, `Full_name` from
(`Room` full join 
(`HotelOrder` full join `People` on `HotelOrder`.`person_id` = `People`.`person_id` ) as rhs on
`rhs`.`room_id` = `Room`.`room_id` );
(1064, "You have an error in your SQL syntax; check the manual that corresponds to your MySQL server version for the right syntax to use near 'as rhs on\n`rhs`.`room_id` = `Room`.`room_id` )' at line 3")

# 2022-11-08 18:14:58.939219
select `Floor`, `Number`, `Full_name` from
(`Room` full join 
(`HotelOrder` full join `People` on `HotelOrder`.`person_id` = `People`.`person_id`) on
`HotelOrder`.`room_id` = `Room`.`room_id` );
(1066, "Not unique table/alias: 'full'")

# 2022-11-08 18:16:37.823331
select `Room`.`Floor`, `Room`.`Number`, `People`.`Full_name` from
(`Room` full join 
(`HotelOrder` full join `People` on `HotelOrder`.`person_id` = `People`.`person_id`) on
`HotelOrder`.`room_id` = `Room`.`room_id` );
(1066, "Not unique table/alias: 'full'")

# 2022-11-08 18:18:05.076016
select `Room`.`Floor`, `Room`.`Number`, `People`.`Full_name` from
(`Room` r full join 
(`HotelOrder` h full join `People` p on h.`person_id` = p.`person_id`) on
h.`room_id` = r.`room_id` );
(1064, "You have an error in your SQL syntax; check the manual that corresponds to your MySQL server version for the right syntax to use near 'full join \n(`HotelOrder` h full join `People` p on h.`person_id` = p.`person_id`' at line 2")

# 2022-11-08 18:18:32.949985
select r.`Floor`, r.`Number`, p.`Full_name` from
(`Room` r full join 
(`HotelOrder` h full join `People` p on h.`person_id` = p.`person_id`) on
h.`room_id` = r.`room_id` );
(1064, "You have an error in your SQL syntax; check the manual that corresponds to your MySQL server version for the right syntax to use near 'full join \n(`HotelOrder` h full join `People` p on h.`person_id` = p.`person_id`' at line 2")

# 2022-11-08 18:20:00.373482
select `Room`.`Floor`, `Room`.`Number`, `People`.`Full_name` from
(`Room` full join 
(`HotelOrder` full join `People` on `HotelOrder`.`person_id` = `People`.`person_id`) on
`HotelOrder`.`room_id` = `Room`.`room_id` );
(1066, "Not unique table/alias: 'full'")

# 2022-11-08 18:20:17.262066
select `Room`.`Floor`, `Room`.`Number`, `People`.`Full_name` from
(`Room` full join 
(`HotelOrder` full join `People` on `HotelOrder`.`person_id` = `People`.`person_id` as abc) on
`HotelOrder`.`room_id` = `Room`.`room_id` );
(1064, "You have an error in your SQL syntax; check the manual that corresponds to your MySQL server version for the right syntax to use near 'as abc) on\n`HotelOrder`.`room_id` = `Room`.`room_id` )' at line 3")

# 2022-11-08 18:23:24.035910
select `Room`.`Floor`, `Room`.`Number`, `People`.`Full_name` from
(`Room` full join 
(`HotelOrder` u2 full join `People` on `HotelOrder`.`person_id` = `People`.`person_id`) on
u2.`room_id` = `Room`.`room_id` );
(1064, "You have an error in your SQL syntax; check the manual that corresponds to your MySQL server version for the right syntax to use near 'full join `People` on `HotelOrder`.`person_id` = `People`.`person_id`) on\nu2.`ro' at line 3")

# 2022-11-08 18:24:39.748576
select `Room`.`Floor`, `Room`.`Number`, `People`.`Full_name` from
(`Room` full join 
`HotelOrder` on `Room`.room_id = `HotelOrder`.room_id;
(1064, "You have an error in your SQL syntax; check the manual that corresponds to your MySQL server version for the right syntax to use near '' at line 3")

# 2022-11-08 18:24:43.266114
select `Room`.`Floor`, `Room`.`Number`, `People`.`Full_name` from
(`Room` full join 
`HotelOrder` on `Room`.room_id = `HotelOrder`.room_id);
(1054, "Unknown column 'Room.Floor' in 'field list'")

# 2022-11-08 18:25:12.459481
select `Room`.`Floor`, `Room`.`Number`, `People`.`Full_name` from
`Room` full join 
`HotelOrder` on `Room`.room_id = `HotelOrder`.room_id;
(1054, "Unknown column 'Room.Floor' in 'field list'")

# 2022-11-08 18:25:49.634958
select `Room`.`Floor`, `Room`.`Number`, `People`.`Full_name` from
`Room` full join 
`HotelOrder` on `Room`.room_id = `HotelOrder`.room_id;
(1054, "Unknown column 'Room.Floor' in 'field list'")

# 2022-11-08 18:26:09.151189
select  `Room`.`Number`, `People`.`Full_name` from
`Room` full join
`HotelOrder` on `Room`.room_id = `HotelOrder`.room_id;
(1054, "Unknown column 'Room.Number' in 'field list'")

# 2022-11-08 18:26:29.866578
select `Room`.`Floor`, `Room`.`Number`, `People`.`Full_name` from
`Room` u full join 
`HotelOrder` on u.room_id = `HotelOrder`.room_id;
(1064, "You have an error in your SQL syntax; check the manual that corresponds to your MySQL server version for the right syntax to use near 'full join \n`HotelOrder` on u.room_id = `HotelOrder`.room_id' at line 2")

# 2022-11-08 18:27:22.489424
select `Room`.`Number`, `People`.`Full_name` from
`Room` left join
`HotelOrder` on `Room`.room_id = `HotelOrder`.room_id;
(1054, "Unknown column 'People.Full_name' in 'field list'")

# 2022-11-08 18:27:52.358279
select `Room`.`Floor`, `Room`.`Number`, `People`.`Full_name` from
`Room` left join 
`HotelOrder` on `Room`.room_id = `HotelOrder`.room_id;
(1054, "Unknown column 'People.Full_name' in 'field list'")

# 2022-11-08 18:28:01.588310
select `Room`.`Floor`, `Room`.`Number` from
`Room` left join 
`HotelOrder` on `Room`.room_id = `HotelOrder`.room_id;
+-------+--------+
| Floor | Number |
+-------+--------+
| 1     | 1      |
| 1     | 2      |
| 1     | 3      |
| 1     | 3      |
| 1     | 4      |
| 1     | 4      |
| 2     | 1      |
| 2     | 2      |
| 2     | 3      |
| 2     | 4      |
| 2     | 5      |
| 3     | 1      |
| 3     | 2      |
| 3     | 3      |
| 3     | 4      |
| 3     | 5      |
| 4     | 1      |
| 4     | 2      |
| 4     | 3      |
| 4     | 4      |
| 5     | 1      |
| 5     | 1      |
| 5     | 1      |
| 6     | 1      |
| 6     | 1      |
+-------+--------+
25 rows in set
Time: 0.014s

# 2022-11-08 18:28:09.931345
select `Room`.`Floor`, `Room`.`Number` from
`Room` full join 
`HotelOrder` on `Room`.room_id = `HotelOrder`.room_id;
(1054, "Unknown column 'Room.Floor' in 'field list'")

# 2022-11-08 18:28:15.744696
select `Room`.`Floor`, `Room`.`Number` from
`Room` full outer join 
`HotelOrder` on `Room`.room_id = `HotelOrder`.room_id;
(1064, "You have an error in your SQL syntax; check the manual that corresponds to your MySQL server version for the right syntax to use near 'outer join \n`HotelOrder` on `Room`.room_id = `HotelOrder`.room_id' at line 2")

# 2022-11-08 18:28:28.473592
select `Room`.`Floor`, `Room`.`Number` from
`Room` full join 
`HotelOrder` on `Room`.room_id = `HotelOrder`.room_id;
(1054, "Unknown column 'Room.Floor' in 'field list'")

# 2022-11-08 18:28:49.203809
select abc.`Floor`, abc.`Number` from
(`Room` full join 
`HotelOrder` on `Room`.room_id = `HotelOrder`.room_id) as abc;
(1064, "You have an error in your SQL syntax; check the manual that corresponds to your MySQL server version for the right syntax to use near 'as abc' at line 3")

# 2022-11-08 18:29:30.596480
select `Room`.`Floor`, `Room`.`Number` from
`Room` left join 
`HotelOrder` on `Room`.room_id = `HotelOrder`.room_id;
+-------+--------+
| Floor | Number |
+-------+--------+
| 1     | 1      |
| 1     | 2      |
| 1     | 3      |
| 1     | 3      |
| 1     | 4      |
| 1     | 4      |
| 2     | 1      |
| 2     | 2      |
| 2     | 3      |
| 2     | 4      |
| 2     | 5      |
| 3     | 1      |
| 3     | 2      |
| 3     | 3      |
| 3     | 4      |
| 3     | 5      |
| 4     | 1      |
| 4     | 2      |
| 4     | 3      |
| 4     | 4      |
| 5     | 1      |
| 5     | 1      |
| 5     | 1      |
| 6     | 1      |
| 6     | 1      |
+-------+--------+
25 rows in set
Time: 0.011s

# 2022-11-08 18:30:00.182214
select a.`Floor`, b.`Number` from
`Room` a left join 
`HotelOrder` b on a.room_id = b.room_id;
(1054, "Unknown column 'b.Number' in 'field list'")

# 2022-11-08 18:30:15.060533
select a.`Floor`, a.`Number` from
`Room` a left join 
`HotelOrder` b on a.room_id = b.room_id;
+-------+--------+
| Floor | Number |
+-------+--------+
| 1     | 1      |
| 1     | 2      |
| 1     | 3      |
| 1     | 3      |
| 1     | 4      |
| 1     | 4      |
| 2     | 1      |
| 2     | 2      |
| 2     | 3      |
| 2     | 4      |
| 2     | 5      |
| 3     | 1      |
| 3     | 2      |
| 3     | 3      |
| 3     | 4      |
| 3     | 5      |
| 4     | 1      |
| 4     | 2      |
| 4     | 3      |
| 4     | 4      |
| 5     | 1      |
| 5     | 1      |
| 5     | 1      |
| 6     | 1      |
| 6     | 1      |
+-------+--------+
25 rows in set
Time: 0.013s

# 2022-11-08 18:31:15.042245
select a.`Floor`, a.`Number` from
`Room` a full join 
`HotelOrder` b on a.room_id = b.room_id;
(1064, "You have an error in your SQL syntax; check the manual that corresponds to your MySQL server version for the right syntax to use near 'full join \n`HotelOrder` b on a.room_id = b.room_id' at line 2")

# 2022-11-08 18:32:02.731549
quit;
Goodbye!
