
# 2022-11-07 23:26:18.746223
show databases
+--------------------+
| Database           |
+--------------------+
| TEST_DATABASE      |
| information_schema |
| mysql              |
| performance_schema |
| sys                |
+--------------------+
5 rows in set
Time: 0.026s

# 2022-11-07 23:26:54.990361
create database labs
Query OK, 1 row affected
Time: 0.006s

# 2022-11-07 23:27:04.460070
use labs
You are now connected to database "labs" as user "root"
Time: 0.000s

# 2022-11-07 23:28:14.144836
source ./scheme.sql
Query OK, 0 rows affected
Time: 0.056s

Query OK, 0 rows affected
Time: 0.025s

Query OK, 0 rows affected
Time: 0.031s

# 2022-11-07 23:28:28.222456
source ./gen_data.sql
Query OK, 20 rows affected
Time: 0.067s

Query OK, 20 rows affected
Time: 0.005s

Query OK, 20 rows affected
Time: 0.008s

# 2022-11-07 23:35:00.344708
quit
Goodbye!

# 2022-11-07 23:35:26.148036
use labs
You are now connected to database "labs" as user "root"
Time: 0.000s

# 2022-11-07 23:37:10.665826
select * from `HotelOrder` where `Price`>100000
+------------+--------+-------+-----------+---------+----------+
| DateInfo   | Price  | Stars | person_id | room_id | order_id |
+------------+--------+-------+-----------+---------+----------+
| 1999-01-26 | 208037 | 0     | 17        | 20      | 1        |
| 2001-06-22 | 467315 | 1     | 9         | 1       | 2        |
| 1975-08-11 | 348189 | 3     | 14        | 11      | 3        |
| 2007-08-24 | 198893 | 4     | 8         | 3       | 5        |
| 2005-12-02 | 288016 | 5     | 16        | 12      | 6        |
| 2000-05-29 | 186019 | 4     | 7         | 16      | 7        |
| 1997-03-21 | 356811 | 3     | 20        | 3       | 10       |
| 2012-07-21 | 451559 | 5     | 13        | 15      | 11       |
| 1987-09-20 | 451308 | 4     | 6         | 19      | 12       |
| 2007-03-14 | 278408 | 0     | 7         | 9       | 13       |
| 1982-05-01 | 456358 | 4     | 20        | 17      | 14       |
| 1992-01-13 | 479318 | 2     | 7         | 10      | 15       |
| 1982-05-13 | 467683 | 5     | 2         | 8       | 16       |
| 1979-04-23 | 212341 | 1     | 6         | 18      | 17       |
| 2014-12-07 | 364377 | 4     | 8         | 4       | 18       |
+------------+--------+-------+-----------+---------+----------+
15 rows in set
Time: 0.011s

# 2022-11-07 23:37:15.873955
select * from `HotelOrder` where `Price`<100000
+------------+-------+-------+-----------+---------+----------+
| DateInfo   | Price | Stars | person_id | room_id | order_id |
+------------+-------+-------+-----------+---------+----------+
| 1990-06-22 | 66062 | 1     | 18        | 19      | 4        |
| 1993-06-29 | 14165 | 3     | 6         | 4       | 8        |
| 2005-04-14 | 4371  | 3     | 1         | 7       | 9        |
| 1989-11-25 | 73321 | 0     | 13        | 20      | 19       |
| 2009-02-03 | 13165 | 2     | 16        | 19      | 20       |
+------------+-------+-------+-----------+---------+----------+
5 rows in set
Time: 0.013s

# 2022-11-07 23:38:58.295937
select * from `HotelOrder` where `Price`>100000 and `Stars`>4
+------------+--------+-------+-----------+---------+----------+
| DateInfo   | Price  | Stars | person_id | room_id | order_id |
+------------+--------+-------+-----------+---------+----------+
| 2005-12-02 | 288016 | 5     | 16        | 12      | 6        |
| 2012-07-21 | 451559 | 5     | 13        | 15      | 11       |
| 1982-05-13 | 467683 | 5     | 2         | 8       | 16       |
+------------+--------+-------+-----------+---------+----------+
3 rows in set
Time: 0.010s

# 2022-11-07 23:41:27.791108
select `People`.`Full_name` from `People` where `Age`=20
+------------+
| Full_name  |
+------------+
| Илья Амане |
+------------+
1 row in set
Time: 0.009s

# 2022-11-07 23:51:17.651368
quit
Goodbye!

# 2022-11-07 23:51:30.838911
use labs
You are now connected to database "labs" as user "root"
Time: 0.000s

# 2022-11-07 23:52:36.238056
select `Full_name`  from `People` where `Full_name` like 'Илья%'
+------------+
| Full_name  |
+------------+
| Илья Лайт  |
| Илья Амане |
+------------+
2 rows in set
Time: 0.011s

# 2022-11-07 23:52:56.936153
select `Full_name`  from `People` where `Full_name` like 'Даниил%'
+--------------+
| Full_name    |
+--------------+
| Даниил Куджо |
+--------------+
1 row in set
Time: 0.009s

# 2022-11-07 23:53:05.624565
select `Full_name`  from `People` where `Full_name` like 'Константин%'
+------------------+
| Full_name        |
+------------------+
| Константин Амане |
+------------------+
1 row in set
Time: 0.009s

# 2022-11-07 23:55:04.946977
quit
Goodbye!
